{
    "chip_type": "k230",
    "inference_width": 640,
    "inference_height": 640,
    "confidence_threshold": 0.25,
    "nms_threshold": 0.6,
    "nncase_version": "2.9.0",
    "model_type": "AnchorBaseDet",
    "img_size": [
        640,
        640
    ],
    "anchors": [
        [
            2,
            2,
            227,
            258,
            273,
            245
        ],
        [
            255,
            268,
            254,
            302,
            288,
            276
        ],
        [
            322,
            326,
            343,
            309,
            411,
            332
        ]
    ],
    "mean": [
        0.485,
        0.456,
        0.406
    ],
    "std": [
        0.229,
        0.224,
        0.225
    ],
    "categories": [
        "2",
        "4",
        "6"
    ],
    "nms_option": false,
    "kmodel_path": "best_AnchorBaseDet_can2_10_s_20250504121046.kmodel",
    "num_classes": 3
}